{"cameraMode":{"drawMode":0,"name":"Shaded","section":"Shading Mode"},"sceneLighting":true,"audioPlay":false,"sceneViewState":{"m_AlwaysRefresh":false,"showFog":true,"showSkybox":true,"showFlares":true,"showImageEffects":true,"showParticleSystems":true,"showVisualEffectGraphs":true,"m_FxEnabled":true},"in2DMode":false,"pivot":{"x":-0.08485579490661621,"y":0.961431622505188,"z":0.11956906318664551},"rotation":{"x":-0.12587890028953553,"y":-0.29663151502609255,"z":0.03947775810956955,"w":-0.9458387494087219},"size":0.8804543614387512,"orthographic":false}